カテゴリー,英語,発音,日本語
人,boy,[bɔɪ],男の子
人,girl,[ɡɜːrl],女の子
人,friend,[frɛnd],友だち
人,classmate,[ˈklæsmeɪt],同級生
人,teacher,[ˈtitʃər],先生
人,player,[ˈpleɪər],競技者
人,father,[ˈfɑːðər],父
人,mother,[ˈmʌðər],母
人,brother,[ˈbrʌðər],兄、弟
人,sister,[ˈsɪstər],姉、妹
人,family,[ˈfæməli],家族
人,everyone,[ˈɛvriwʌn],みんな
動物,dog,[dɔːɡ],イヌ
動物,cat,[kæt],ネコ
動物,bird,[bɜːrd],鳥
動物,animal,[ˈænɪməl],動物
食べ物・飲み物,curry,[ˈkɜːri],カレー料理
食べ物・飲み物,rice,[raɪs],米
食べ物・飲み物,bread,[brɛd],パン
食べ物・飲み物,pizza,[ˈpiːtsə],ピザ
食べ物・飲み物,cake,[keɪk],ケーキ
食べ物・飲み物,milk,[mɪlk],牛乳
食べ物・飲み物,coffee,[ˈkɔːfi],コーヒー
食べ物・飲み物,tea,[tiː],茶
身の回りのもの,pen,[pen],ペン
身の回りのもの,pencil,[ˈpensl],えんぴつ
身の回りのもの,book,[bʊk],本
身の回りのもの,notebook,[ˈnoʊtbʊk],ノート
身の回りのもの,textbook,[ˈtekstbʊk],教科書
身の回りのもの,dictionary,[ˈdɪkʃəneri],辞書
身の回りのもの,newspaper,[ˈnuːzpeɪpər],新聞
身の回りのもの,computer,[kəmˈpjuːtər],コンピュータ
身の回りのもの,TV,[ˈtiːˈviː],テレビ(放送)
身の回りのもの,game,[ɡeɪm],遊び、試合
身の回りのもの,piano,[piˈænoʊ],ピアノ
身の回りのもの,guitar,[ɡɪˈtɑːr],ギター
身の回りのもの,picture,[ˈpɪktʃər],絵、写真
身の回りのもの,map,[mæp],地図
身の回りのもの,umbrella,[ʌmˈbrelə],かさ
身の回りのもの,present,[ˈpreznt],プレゼント
身の回りのもの,flower,[ˈflaʊər],花
身の回りのもの,bag,[bæɡ],ふくろ
身の回りのもの,chair,[tʃeər],いす
身の回りのもの,desk,[desk],机
身の回りのもの,table,[ˈteɪbl],テーブル
身の回りのもの,bed,[bed],ベッド
身の回りのもの,clothes,[kloʊðz],衣服
身の回りのもの,bike,[baɪk],自転車
身の回りのもの,bus,[bʌs],バス
身の回りのもの,train,[treɪn],電車
身の回りのもの,airplane,[ˈɛərpleɪn],飛行機
場所,classroom,[ˈklæsruːm],教室
場所,school,[skuːl],学校
場所,house,[haʊs],家
場所,town,[taʊn],町
場所,park,[pɑːrk],公園
場所,zoo,[zuː],動物園
場所,shop,[ʃɑːp],店
場所,library,[ˈlaɪbreri],図書館
場所,bookstore,[ˈbʊkstoːr],本屋
場所,station,[ˈsteɪʃn],駅
場所,restaurant,[ˈrestərɑːnt],レストラン
場所,museum,[mjuːˈziːəm],博物館
場所,hospital,[ˈhɑːspɪtl],病院
場所,street,[striːt],通り
場所,way,[weɪ],道
場所,subway,[ˈsʌbweɪ],地下鉄
場所,bridge,[brɪdʒ],橋
場所,home,[hoʊm],家庭、家
場所,country,[ˈkʌntri],国
自然,sea,[siː],海
自然,beach,[biːtʃ],浜、海辺
自然,tree,[triː],木
自然,mountain,[ˈmaʊntn],山
自然,river,[ˈrɪvər],川
自然,lake,[leɪk],湖
自然,nature,[ˈneɪtʃər],自然
教科,English,[ˈɪŋɡlɪʃ],英語
教科,Japanese,[ˌdʒæpəˈniːz],国語
教科,math,[mæθ],数学
教科,subject,[ˈsʌbdʒɪkt],教科
スポーツ,soccer,[ˈsɑːkər],サッカー
スポーツ,tennis,[ˈtenɪs],テニス
スポーツ,baseball,[ˈbeɪsbɔːl],野球
スポーツ,basketball,[ˈbæskɪtbɔːl],バスケットボール
スポーツ,swimming,[ˈswɪmɪŋ],水泳
スポーツ,sport,[spɔːrt],スポーツ
スポーツ,team,[tiːm],チーム
その他いろいろな名詞,name,[neɪm],名前
その他いろいろな名詞,homework,[ˈhoʊmwɜːrk],宿題
その他いろいろな名詞,class,[klæs],クラス
その他いろいろな名詞,club,[klʌb],クラブ
その他いろいろな名詞,number,[ˈnʌmbər],数
その他いろいろな名詞,color,[ˈkʌlər],色
その他いろいろな名詞,morning,[ˈmɔːrnɪŋ],朝
その他いろいろな名詞,afternoon,[ˌæftərˈnuːn],午後
その他いろいろな名詞,evening,[ˈiːvnɪŋ],夕方、晩
その他いろいろな名詞,night,[naɪt],夜
その他いろいろな名詞,day,[deɪ],日
その他いろいろな名詞,week,[wiːk],週
その他いろいろな名詞,month,[mʌnθ],月
その他いろいろな名詞,season,[ˈsiːzn],季節
その他いろいろな名詞,year,[jɪr],年
その他いろいろな名詞,date,[deɪt],日付
その他いろいろな名詞,time,[taɪm],時間
その他いろいろな名詞,breakfast,[ˈbrekfəst],朝食
その他いろいろな名詞,lunch,[lʌntʃ],昼食
その他いろいろな名詞,dinner,[ˈdɪnər],夕食
その他いろいろな名詞,bath,[bæθ],入浴
その他いろいろな名詞,birthday,[ˈbɜːrθdeɪ],誕生日
その他いろいろな名詞,vacation,[veɪˈkeɪʃn],休暇
その他いろいろな名詞,festival,[ˈfestɪvl],祭り
その他いろいろな名詞,event,[ɪˈvent],出来事、行事
その他いろいろな名詞,life,[laɪf],生命
その他いろいろな名詞,job,[dʒɑːb],職
その他いろいろな名詞,trip,[trɪp],旅行
その他いろいろな名詞,fun,[fʌn],楽しみ
その他いろいろな名詞,dream,[driːm],夢
その他いろいろな名詞,memory,[ˈmeməri],記憶
その他いろいろな名詞,future,[ˈfjuːtʃər],未来
その他いろいろな名詞,weather,[ˈweðər],天気
その他いろいろな名詞,world,[wɜːrld],世界
状態や動作を表すことば,be,[biː],～である
状態や動作を表すことば,want,[wɑːnt],ほしいと思う
状態や動作を表すことば,have,[hæv],持っている
状態や動作を表すことば,like,[laɪk],好む
状態や動作を表すことば,love,[lʌv],愛する
状態や動作を表すことば,play,[pleɪ],（競技などを）する、演奏する
状態や動作を表すことば,practice,[ˈpræktɪs],練習する
状態や動作を表すことば,study,[ˈstʌdi],勉強する
状態や動作を表すことば,teach,[tiːtʃ],教える
状態や動作を表すことば,read,[riːd],読む
状態や動作を表すことば,write,[raɪt],書く
状態や動作を表すことば,listen,[ˈlɪsn],聞く
状態や動作を表すことば,speak,[spiːk],話す
状態や動作を表すことば,talk,[tɔːk],会話する
状態や動作を表すことば,draw,[drɔː],（線画を）描く
状態や動作を表すことば,look,[lʊk],目を向ける
状態や動作を表すことば,watch,[wɑːtʃ],注意して見る
状態や動作を表すことば,see,[siː],目に入る
状態や動作を表すことば,meet,[miːt],会う
状態や動作を表すことば,eat,[iːt],食べる
状態や動作を表すことば,drink,[drɪŋk],飲む
状態や動作を表すことば,cook,[kʊk],料理する
状態や動作を表すことば,make,[meɪk],作る
状態や動作を表すことば,clean,[kliːn],掃除する
状態や動作を表すことば,wash,[wɑːʃ],洗う
状態や動作を表すことば,stand,[stænd],立つ
状態や動作を表すことば,walk,[wɔːk],歩く
状態や動作を表すことば,run,[rʌn],走る
状態や動作を表すことば,swim,[swɪm],泳ぐ
状態や動作を表すことば,enjoy,[ɪnˈdʒɔɪ],楽しむ
状態や動作を表すことば,use,[juːz],使う
状態や動作を表すことば,ride,[raɪd],乗る
状態や動作を表すことば,buy,[baɪ],買う
状態や動作を表すことば,try,[traɪ],試みる
状態や動作を表すことば,help,[help],手伝う
状態や動作を表すことば,take,[teɪk],持っていく
状態や動作を表すことば,live,[lɪv],住んでいる
状態や動作を表すことば,go,[ɡoʊ],行く
状態や動作を表すことば,leave,[liːv],去る
状態や動作を表すことば,turn,[tɜːrn],曲がる
状態や動作を表すことば,visit,[ˈvɪzɪt],訪れる
状態や動作を表すことば,travel,[ˈtrævl],旅行する
状態や動作を表すことば,know,[noʊ],知っている
状態や動作を表すことば,think,[θɪŋk],思う
状態や動作を表すことば,guess,[ɡes],推測する
名詞をくわしくできることば,happy,[ˈhæpi],幸せな
名詞をくわしくできることば,sad,[sæd],悲しい
名詞をくわしくできることば,busy,[ˈbɪzi],忙しい
名詞をくわしくできることば,tired,[ˈtaɪərd],疲れた
名詞をくわしくできることば,hungry,[ˈhʌŋɡri],空腹な
名詞をくわしくできることば,sleepy,[ˈsliːpi],眠い
名詞をくわしくできることば,good,[ɡʊd],よい
名詞をくわしくできることば,nice,[naɪs],すてきな、よい
名詞をくわしくできることば,kind,[kaɪnd],親切な
名詞をくわしくできることば,big,[bɪɡ],大きい
名詞をくわしくできることば,large,[lɑːrdʒ],広い、大きい
名詞をくわしくできることば,small,[smɔːl],小さい
名詞をくわしくできることば,new,[nuː],新しい
名詞をくわしくできることば,old,[oʊld],古い、年をとった
名詞をくわしくできることば,hot,[hɑːt],熱い、暑い
名詞をくわしくできることば,cold,[koʊld],冷たい、寒い
名詞をくわしくできることば,long,[lɔːŋ],長い
名詞をくわしくできることば,short,[ʃɔːrt],短い
名詞をくわしくできることば,easy,[ˈiːzi],簡単な
名詞をくわしくできることば,difficult,[ˈdɪfɪkʌlt],難しい
名詞をくわしくできることば,same,[seɪm],同じ
名詞をくわしくできることば,different,[ˈdɪfrənt],ちがう
名詞をくわしくできることば,cute,[kjuːt],かわいい
名詞をくわしくできることば,beautiful,[ˈbjuːtɪfl],美しい
名詞をくわしくできることば,wonderful,[ˈwʌndərfl],すばらしい
名詞をくわしくできることば,interesting,[ˈɪntrəstɪŋ],興味深い、おもしろい
名詞をくわしくできることば,exciting,[ɪkˈsaɪtɪŋ],興奮させるような
名詞をくわしくできることば,famous,[ˈfeɪməs],有名な
名詞をくわしくできることば,delicious,[dɪˈlɪʃəs],とてもおいしい
名詞をくわしくできることば,favorite,[ˈfeɪvərɪt],一番好きな
名詞をくわしくできることば,best,[best],最もよい
名詞をくわしくできることば,many,[ˈmeni],多くの
名詞をくわしくできることば,all,[ɔːl],すべての
動詞・形容詞をくわしくできることば,very,[ˈveri],とても
動詞・形容詞をくわしくできることば,really,[ˈriːəli],本当に
動詞・形容詞をくわしくできることば,well,[wel],上手に
動詞・形容詞をくわしくできることば,hard,[hɑːrd],一生懸命に
動詞・形容詞をくわしくできることば,fast,[fæst],速く
動詞・形容詞をくわしくできることば,straight,[streɪt],まっすぐに
動詞・形容詞をくわしくできることば,right,[raɪt],右に
動詞・形容詞をくわしくできることば,left,[left],左に
動詞・形容詞をくわしくできることば,here,[hɪr],ここに[で]
動詞・形容詞をくわしくできることば,together,[təˈɡeðər],いっしょに
動詞・形容詞をくわしくできることば,always,[ˈɔːlweɪz],いつも
動詞・形容詞をくわしくできることば,usually,[ˈjuːʒuəli],ふつうは
動詞・形容詞をくわしくできることば,sometimes,[ˈsʌmtaɪmz],ときどき
動詞・形容詞をくわしくできることば,never,[ˈnevər],一度も～ない
動詞・形容詞をくわしくできることば,again,[əˈɡen],もう一度
